symbol,_priceFormat,_priceFormatType,_tickSize,buyFillId,sellFillId,qty,buyPrice,sellPrice,pnl,boughtTimestamp,soldTimestamp,duration
MNQH6,-2,0,0.25,387364970007,387364970014,5,25784.50,25783.50,$(10.00),01/29/2026 21:37:32,01/29/2026 21:37:38,5sec
NQH6,-2,0,0.25,387364970022,387364970029,2,25787.25,25789.25,$80.00,01/29/2026 21:38:59,01/29/2026 21:39:11,11sec
MNQH6,-2,0,0.25,387364970043,387364970037,5,25772.75,25773.75,$10.00,01/29/2026 21:40:17,01/29/2026 21:40:09,7sec
MNQH6,-2,0,0.25,387364970051,387364970057,5,25786.75,25789.00,$22.50,01/29/2026 21:41:10,01/29/2026 21:41:14,4sec
MNQH6,-2,0,0.25,387364970071,387364970065,3,25832.00,25843.50,$69.00,01/30/2026 07:51:48,01/30/2026 07:51:01,46sec
MNQH6,-2,0,0.25,387364970079,387364970065,1,25829.75,25843.50,$27.50,01/30/2026 07:51:57,01/30/2026 07:51:01,56sec
MNQH6,-2,0,0.25,387364970087,387364970065,1,25836.75,25843.50,$13.50,01/30/2026 07:52:22,01/30/2026 07:51:01,1min 21sec
MNQH6,-2,0,0.25,387364970101,387364970095,1,25827.00,25826.75,$(0.50),01/30/2026 07:53:57,01/30/2026 07:53:25,31sec
MNQH6,-2,0,0.25,387364970109,387364970095,1,25834.75,25826.75,$(16.00),01/30/2026 07:55:09,01/30/2026 07:53:25,1min 43sec
SIH6,-3,0,0.005,387364970117,387364970124,1,99.905,100.155,"$1,250.00",01/30/2026 08:00:09,01/30/2026 08:00:21,11sec
MNQH6,-2,0,0.25,387364970161,387364970167,6,25422.50,25406.00,$(198.00),02/01/2026 21:44:29,02/01/2026 21:45:35,1min 5sec
MNQH6,-2,0,0.25,387364970155,387364970167,3,25431.50,25406.00,$(153.00),02/01/2026 21:41:27,02/01/2026 21:45:35,4min 7sec
MNQH6,-2,0,0.25,387364970147,387364970167,3,25446.75,25406.00,$(244.50),02/01/2026 21:40:21,02/01/2026 21:45:35,5min 13sec
MNQH6,-2,0,0.25,387364970179,387364970185,12,25409.25,25403.50,$(138.00),02/01/2026 21:46:16,02/01/2026 21:49:42,3min 26sec
NQH6,-2,0,0.25,387364970200,387364970193,3,25379.25,25383.00,$225.00,02/01/2026 21:50:24,02/01/2026 21:50:18,5sec
NQH6,-2,0,0.25,387364970214,387364970208,3,25377.50,25382.75,$315.00,02/01/2026 21:53:01,02/01/2026 21:52:55,6sec
NQH6,-2,0,0.25,387364970228,387364970222,3,25371.25,25374.00,$165.00,02/01/2026 21:56:52,02/01/2026 21:56:48,3sec
MNQH6,-2,0,0.25,387364970236,387364970242,5,25377.00,25378.75,$17.50,02/01/2026 22:06:15,02/01/2026 22:06:26,10sec
MNQH6,-2,0,0.25,387364970256,387364970250,5,25319.75,25322.25,$25.00,02/01/2026 22:14:31,02/01/2026 22:14:25,5sec
MNQH6,-2,0,0.25,387364970264,387364970270,5,25486.75,25488.50,$17.50,02/02/2026 08:40:00,02/02/2026 08:42:20,2min 20sec
MNQH6,-2,0,0.25,387364970278,387364970284,4,25493.75,25498.50,$38.00,02/02/2026 08:45:00,02/02/2026 08:45:06,6sec
MNQH6,-2,0,0.25,387364970278,387364970292,1,25493.75,25499.50,$11.50,02/02/2026 08:45:00,02/02/2026 08:45:18,17sec
MNQH6,-2,0,0.25,387364970306,387364970300,3,25846.50,25852.75,$37.50,02/02/2026 10:55:28,02/02/2026 10:55:24,3sec
MNQH6,-2,0,0.25,387364970320,387364970314,3,25886.00,25887.75,$10.50,02/02/2026 11:39:40,02/02/2026 11:38:40,59sec
MNQH6,-2,0,0.25,387364970334,387364970328,3,25873.25,25875.75,$15.00,02/02/2026 11:40:32,02/02/2026 11:40:12,20sec
MNQH6,-2,0,0.25,387364970348,387364970342,3,25858.75,25860.00,$7.50,02/02/2026 11:45:52,02/02/2026 11:45:17,34sec
MNQH6,-2,0,0.25,387364970356,387364970362,3,25877.00,25879.25,$13.50,02/02/2026 11:54:49,02/02/2026 11:54:56,7sec
MNQH6,-2,0,0.25,387364970376,387364970370,3,25908.50,25900.50,$(48.00),02/02/2026 12:23:26,02/02/2026 12:21:30,1min 56sec
MNQH6,-2,0,0.25,387364970390,387364970384,3,25907.25,25909.50,$13.50,02/02/2026 12:26:54,02/02/2026 12:26:48,6sec
MNQH6,-2,0,0.25,387364970398,387364970404,3,25911.25,25912.25,$6.00,02/02/2026 12:27:34,02/02/2026 12:28:06,31sec
MNQH6,-2,0,0.25,387364970412,387364970418,3,25914.75,25916.00,$7.50,02/02/2026 12:29:55,02/02/2026 12:31:21,1min 26sec
MNQH6,-2,0,0.25,387364970426,387364970432,3,25920.75,25923.50,$16.50,02/02/2026 12:32:00,02/02/2026 12:32:03,3sec
MNQH6,-2,0,0.25,387364970440,387364970446,1,25916.00,25920.50,$9.00,02/02/2026 12:37:35,02/02/2026 12:38:00,24sec
MNQH6,-2,0,0.25,387364970440,387364970454,1,25916.00,25917.50,$3.00,02/02/2026 12:37:35,02/02/2026 12:39:11,1min 35sec
MNQH6,-2,0,0.25,387364970468,387364970462,1,25905.75,25908.75,$6.00,02/02/2026 12:41:52,02/02/2026 12:41:19,32sec
MNQH6,-2,0,0.25,387364970476,387364970482,2,25920.00,25921.00,$4.00,02/02/2026 12:52:53,02/02/2026 12:52:59,6sec
MNQH6,-2,0,0.25,387364970496,387364970490,2,25923.25,25926.50,$13.00,02/02/2026 12:59:40,02/02/2026 12:59:26,13sec
MNQH6,-2,0,0.25,387364970504,387364970510,2,25932.25,25933.00,$3.00,02/02/2026 13:01:35,02/02/2026 13:01:52,16sec
MNQH6,-2,0,0.25,387364970524,387364970518,2,25930.00,25931.00,$4.00,02/02/2026 13:06:59,02/02/2026 13:06:02,57sec
MNQH6,-2,0,0.25,387364970544,387364970532,2,25921.75,25924.50,$11.00,02/02/2026 13:16:16,02/02/2026 13:14:29,1min 47sec
MNQH6,-2,0,0.25,387364970552,387364970538,1,25922.50,25925.50,$6.00,02/02/2026 13:16:29,02/02/2026 13:15:05,1min 24sec
MNQH6,-2,0,0.25,387364970560,387364970538,1,25924.75,25925.50,$1.50,02/02/2026 13:16:56,02/02/2026 13:15:05,1min 51sec
MNQH6,-2,0,0.25,387364970574,387364970568,2,25921.00,25921.75,$3.00,02/02/2026 13:17:24,02/02/2026 13:17:06,17sec
MNQH6,-2,0,0.25,387364970582,387364970568,1,25920.25,25921.75,$3.00,02/02/2026 13:18:24,02/02/2026 13:17:06,1min 18sec
NQH6,-2,0,0.25,387364970596,387364970590,2,25916.25,25917.75,$60.00,02/02/2026 13:18:47,02/02/2026 13:18:42,4sec
MNQH6,-2,0,0.25,387364970610,387364970604,2,25904.75,25899.00,$(23.00),02/02/2026 13:23:13,02/02/2026 13:22:13,1min 
MNQH6,-2,0,0.25,387364970624,387364970618,2,25914.25,25909.00,$(21.00),02/02/2026 13:23:59,02/02/2026 13:23:30,28sec
MNQH6,-2,0,0.25,387364970638,387364970632,2,25909.50,25911.00,$6.00,02/02/2026 13:28:52,02/02/2026 13:28:44,8sec
NQH6,-2,0,0.25,387364970659,387364970653,1,25991.25,25995.50,$85.00,02/03/2026 08:33:28,02/03/2026 08:33:16,12sec
MNQH6,-2,0,0.25,387364970673,387364970667,2,25991.75,25983.00,$(35.00),02/03/2026 08:34:57,02/03/2026 08:34:04,52sec
MNQH6,-2,0,0.25,387364970687,387364970681,1,25980.00,25981.50,$3.00,02/03/2026 08:37:26,02/03/2026 08:36:46,40sec
MNQH6,-2,0,0.25,387364970695,387364970681,1,25980.50,25981.50,$2.00,02/03/2026 08:37:46,02/03/2026 08:36:46,1min 
MNQH6,-2,0,0.25,387364970709,387364970703,1,25977.25,25978.50,$2.50,02/03/2026 08:42:43,02/03/2026 08:42:08,35sec
MNQH6,-2,0,0.25,387364970717,387364970703,1,25975.00,25978.50,$7.00,02/03/2026 08:44:04,02/03/2026 08:42:08,1min 55sec
NQH6,-2,0,0.25,387364970731,387364970725,1,25978.25,25972.75,$(110.00),02/03/2026 08:45:35,02/03/2026 08:44:39,56sec
NQH6,-2,0,0.25,387364970745,387364970739,1,25978.75,25978.25,$(10.00),02/03/2026 08:47:25,02/03/2026 08:46:57,27sec
NQH6,-2,0,0.25,387364970753,387364970739,1,25976.75,25978.25,$30.00,02/03/2026 08:47:54,02/03/2026 08:46:57,56sec
NQH6,-2,0,0.25,387364970767,387364970761,1,25970.50,25971.50,$20.00,02/03/2026 08:50:55,02/03/2026 08:50:42,12sec
MNQH6,-2,0,0.25,387364970781,387364970775,2,25969.25,25970.75,$6.00,02/03/2026 08:55:24,02/03/2026 08:55:10,13sec
MNQH6,-2,0,0.25,387364970789,387364970775,1,25972.75,25970.75,$(4.00),02/03/2026 08:55:56,02/03/2026 08:55:10,46sec
MNQH6,-2,0,0.25,387364970803,387364970797,1,25968.00,25969.25,$2.50,02/03/2026 08:56:50,02/03/2026 08:56:23,26sec
MNQH6,-2,0,0.25,387364970817,387364970811,1,25971.25,25964.25,$(14.00),02/03/2026 08:58:58,02/03/2026 08:57:41,1min 16sec
MNQH6,-2,0,0.25,387364970831,387364970825,1,25964.75,25968.00,$6.50,02/03/2026 09:00:07,02/03/2026 08:59:43,24sec
MNQH6,-2,0,0.25,387364970857,387364970851,2,25971.00,25965.00,$(24.00),02/03/2026 09:01:44,02/03/2026 09:01:25,19sec
MNQH6,-2,0,0.25,387364970857,387364970845,1,25971.00,25962.50,$(17.00),02/03/2026 09:01:44,02/03/2026 09:00:53,50sec
MNQH6,-2,0,0.25,387364970857,387364970839,1,25971.00,25961.25,$(19.50),02/03/2026 09:01:44,02/03/2026 09:00:34,1min 9sec
MNQH6,-2,0,0.25,387364970875,387364970869,2,25957.75,25963.00,$21.00,02/03/2026 09:06:47,02/03/2026 09:05:17,1min 29sec
MNQH6,-2,0,0.25,387364970889,387364970883,2,25967.00,25960.50,$(26.00),02/03/2026 09:07:53,02/03/2026 09:07:04,49sec
MNQH6,-2,0,0.25,387364970889,387364970869,2,25967.00,25963.00,$(16.00),02/03/2026 09:07:53,02/03/2026 09:05:17,2min 35sec
NQH6,-2,0,0.25,387364970905,387364970899,1,25959.00,25961.75,$55.00,02/03/2026 09:08:23,02/03/2026 09:08:16,7sec
NQH6,-2,0,0.25,387364970913,387364970899,1,25956.50,25961.75,$105.00,02/03/2026 09:10:51,02/03/2026 09:08:16,2min 35sec
NQH6,-2,0,0.25,387364970927,387364970921,1,25952.25,25954.25,$40.00,02/03/2026 09:15:21,02/03/2026 09:15:07,13sec
NQH6,-2,0,0.25,387364970935,387364970921,1,25952.50,25954.25,$35.00,02/03/2026 09:15:34,02/03/2026 09:15:07,26sec
MNQH6,-2,0,0.25,387364970949,387364970943,2,25940.00,25944.50,$18.00,02/03/2026 09:16:26,02/03/2026 09:16:19,7sec
MNQH6,-2,0,0.25,387364970957,387364970943,1,25943.00,25944.50,$3.00,02/03/2026 09:16:38,02/03/2026 09:16:19,19sec
MNQH6,-2,0,0.25,387364970965,387364970943,1,25941.25,25944.50,$6.50,02/03/2026 09:17:26,02/03/2026 09:16:19,1min 7sec
MNQH6,-2,0,0.25,387364970985,387364970979,2,25943.25,25941.25,$(8.00),02/03/2026 09:19:41,02/03/2026 09:19:38,3sec
MNQH6,-2,0,0.25,387364970985,387364970973,3,25943.25,25944.00,$4.50,02/03/2026 09:19:41,02/03/2026 09:19:30,11sec
NQH6,-2,0,0.25,387364971001,387364970995,1,25952.50,25945.00,$(150.00),02/03/2026 09:21:16,02/03/2026 09:20:43,32sec
NQH6,-2,0,0.25,387364971015,387364971009,1,25945.00,25947.00,$40.00,02/03/2026 09:24:14,02/03/2026 09:22:33,1min 40sec
NQH6,-2,0,0.25,387364971023,387364971009,1,25949.00,25947.00,$(40.00),02/03/2026 09:24:36,02/03/2026 09:22:33,2min 2sec
NQH6,-2,0,0.25,387364971037,387364971031,2,25933.25,25928.75,$(180.00),02/03/2026 09:29:53,02/03/2026 09:29:07,45sec
NQH6,-2,0,0.25,387364971051,387364971045,2,25908.50,25914.25,$230.00,02/03/2026 09:30:25,02/03/2026 09:30:04,20sec
NQH6,-2,0,0.25,387364971065,387364971059,2,25902.25,25908.50,$250.00,02/03/2026 09:31:45,02/03/2026 09:31:36,9sec
MNQH6,-2,0,0.25,387364971073,387364971079,2,25604.25,25608.25,$16.00,02/03/2026 10:10:15,02/03/2026 10:10:42,26sec
MNQH6,-2,0,0.25,387364971087,387364971093,1,25571.00,25573.50,$5.00,02/03/2026 10:19:27,02/03/2026 10:19:40,13sec
MNQH6,-2,0,0.25,387364971087,387364971101,1,25571.00,25573.75,$5.50,02/03/2026 10:19:27,02/03/2026 10:19:47,20sec
MNQH6,-2,0,0.25,387364971109,387364971115,2,25598.00,25601.50,$14.00,02/03/2026 10:20:27,02/03/2026 10:21:01,33sec
MNQH6,-2,0,0.25,387364971123,387364971129,2,25491.50,25498.75,$29.00,02/03/2026 10:25:25,02/03/2026 10:25:30,5sec
MNQH6,-2,0,0.25,387364971137,387364971143,2,25548.75,25553.75,$20.00,02/03/2026 10:26:22,02/03/2026 10:26:26,3sec
MNQH6,-2,0,0.25,387364971157,387364971151,2,25497.00,25484.50,$(50.00),02/03/2026 10:36:15,02/03/2026 10:36:02,13sec
MNQH6,-2,0,0.25,387364971165,387364971171,2,25521.25,25525.50,$17.00,02/03/2026 10:38:01,02/03/2026 10:38:09,7sec
MNQH6,-2,0,0.25,387364971179,387364971185,2,25603.75,25611.25,$30.00,02/03/2026 10:50:36,02/03/2026 10:50:44,8sec
MNQH6,-2,0,0.25,387364971193,387364971199,2,25571.75,25574.00,$9.00,02/03/2026 10:54:05,02/03/2026 10:54:23,17sec
MNQH6,-2,0,0.25,387364971207,387364971213,2,25620.50,25623.25,$11.00,02/03/2026 10:56:26,02/03/2026 10:56:34,7sec
MNQH6,-2,0,0.25,387364971221,387364971227,2,25617.75,25618.50,$3.00,02/03/2026 10:59:52,02/03/2026 10:59:56,4sec
MNQH6,-2,0,0.25,387364971235,387364971241,3,25582.00,25586.25,$25.50,02/03/2026 11:03:36,02/03/2026 11:03:46,10sec
MNQH6,-2,0,0.25,387364971249,387364971255,3,25582.00,25587.50,$33.00,02/03/2026 11:05:41,02/03/2026 11:05:51,9sec
MNQH6,-2,0,0.25,387364971269,387364971263,3,25551.00,25536.00,$(90.00),02/03/2026 11:11:25,02/03/2026 11:10:32,52sec
MNQH6,-2,0,0.25,387364971277,387364971283,3,25563.00,25568.50,$33.00,02/03/2026 11:12:15,02/03/2026 11:12:22,7sec
MNQH6,-2,0,0.25,387364971291,387364971297,3,25587.25,25567.25,$(120.00),02/03/2026 11:13:25,02/03/2026 11:14:17,51sec
MNQH6,-2,0,0.25,387364971305,387364971311,3,25568.75,25574.00,$31.50,02/03/2026 11:16:29,02/03/2026 11:16:33,4sec
NQH6,-2,0,0.25,387364971325,387364971319,2,25541.25,25541.50,$10.00,02/03/2026 11:22:03,02/03/2026 11:21:28,35sec
MNQH6,-2,0,0.25,387364971339,387364971333,2,25522.75,25527.75,$20.00,02/03/2026 11:22:38,02/03/2026 11:22:29,9sec
MNQH6,-2,0,0.25,387364971347,387364971333,1,25521.00,25527.75,$13.50,02/03/2026 11:22:50,02/03/2026 11:22:29,21sec
MNQH6,-2,0,0.25,387364971347,387364971355,20,25521.00,25518.25,$(110.00),02/03/2026 11:22:50,02/03/2026 11:22:53,3sec
NQH6,-2,0,0.25,387364971369,387364971363,2,25505.00,25506.75,$70.00,02/03/2026 11:23:24,02/03/2026 11:23:20,4sec
NQH6,-2,0,0.25,387364971377,387364971383,2,25538.00,25512.50,"$(1,020.00)",02/03/2026 11:26:32,02/03/2026 11:28:43,2min 10sec
NQH6,-2,0,0.25,387364971397,387364971391,3,25486.00,25492.50,$390.00,02/03/2026 11:33:13,02/03/2026 11:33:07,5sec
NQH6,-2,0,0.25,387364971405,387364971411,3,25526.75,25530.25,$210.00,02/03/2026 11:35:16,02/03/2026 11:35:24,8sec
NQH6,-2,0,0.25,387364971419,387364971425,3,25523.00,25526.25,$195.00,02/03/2026 11:40:37,02/03/2026 11:40:58,20sec
RTYH6,-2,0,0.1,387364971440,387364971433,2,2648.20,2647.10,$(110.00),02/03/2026 11:45:11,02/03/2026 11:41:46,3min 25sec
RTYH6,-2,0,0.1,387364971454,387364971448,2,2646.40,2647.10,$70.00,02/03/2026 11:46:43,02/03/2026 11:46:14,29sec
RTYH6,-2,0,0.1,387364971462,387364971448,1,2647.80,2647.10,$(35.00),02/03/2026 11:47:46,02/03/2026 11:46:14,1min 32sec
RTYH6,-2,0,0.1,387364971476,387364971470,3,2647.40,2645.90,$(225.00),02/03/2026 11:52:32,02/03/2026 11:50:53,1min 39sec
NQH6,-2,0,0.25,387364971484,387364971490,3,25489.25,25490.25,$60.00,02/03/2026 12:02:25,02/03/2026 12:04:52,2min 27sec
NQH6,-2,0,0.25,387364971498,387364971504,3,25493.50,25495.00,$90.00,02/03/2026 12:09:26,02/03/2026 12:09:35,8sec
RTYH6,-2,0,0.1,387364971518,387364971512,2,2640.30,2642.40,$210.00,02/03/2026 12:12:15,02/03/2026 12:12:07,8sec
RTYH6,-2,0,0.1,387364971526,387364971512,1,2637.90,2642.40,$225.00,02/03/2026 12:12:28,02/03/2026 12:12:07,21sec
MCLH6,-2,0,0.01,387364971534,387364971541,2,63.31,63.24,$(14.00),02/03/2026 12:31:37,02/03/2026 12:33:16,1min 38sec
RTYH6,-2,0,0.1,387364971555,387364971549,1,2632.40,2633.10,$35.00,02/03/2026 12:40:08,02/03/2026 12:39:24,43sec
RTYH6,-2,0,0.1,387364971569,387364971563,1,2631.10,2629.90,$(60.00),02/03/2026 12:45:54,02/03/2026 12:45:24,29sec
RTYH6,-2,0,0.1,387364971583,387364971577,1,2632.80,2631.90,$(45.00),02/03/2026 12:48:22,02/03/2026 12:48:06,16sec
RTYH6,-2,0,0.1,387364971597,387364971591,1,2631.90,2632.50,$30.00,02/03/2026 12:49:29,02/03/2026 12:49:09,19sec
RTYH6,-2,0,0.1,387364971605,387364971591,1,2633.50,2632.50,$(50.00),02/03/2026 12:49:44,02/03/2026 12:49:09,35sec
NQH6,-2,0,0.25,387364971619,387364971613,3,25391.50,25391.75,$15.00,02/03/2026 12:52:41,02/03/2026 12:52:31,9sec
NQH6,-2,0,0.25,387364971633,387364971627,2,25379.25,25386.00,$270.00,02/03/2026 12:53:01,02/03/2026 12:52:47,14sec
NQH6,-2,0,0.25,387364971641,387364971627,1,25381.75,25386.00,$85.00,02/03/2026 12:53:11,02/03/2026 12:52:47,24sec
RTYH6,-2,0,0.1,387364971649,387364971655,1,2635.70,2634.00,$(85.00),02/03/2026 12:57:33,02/03/2026 12:57:59,25sec
RTYH6,-2,0,0.1,387364971663,387364971669,1,2634.80,2635.30,$25.00,02/03/2026 12:58:08,02/03/2026 12:58:19,11sec
MNQH6,-2,0,0.25,387364971683,387364971677,3,25392.50,25384.00,$(51.00),02/03/2026 13:00:13,02/03/2026 12:59:42,31sec
MNQH6,-2,0,0.25,387364971697,387364971691,3,25396.25,25381.50,$(88.50),02/03/2026 13:01:05,02/03/2026 13:00:26,38sec
NQH6,-2,0,0.25,387364971705,387364971711,2,25386.50,25389.00,$100.00,02/03/2026 13:06:29,02/03/2026 13:06:37,7sec
NQH6,-2,0,0.25,387364971719,387364971725,2,25387.00,25397.75,$430.00,02/03/2026 13:07:28,02/03/2026 13:07:32,3sec
MNQH6,-2,0,0.25,387364971739,387364971733,3,25365.75,25366.25,$3.00,02/03/2026 13:12:55,02/03/2026 13:12:49,5sec
MNQH6,-2,0,0.25,387364971753,387364971747,3,25348.50,25351.25,$16.50,02/03/2026 13:13:45,02/03/2026 13:13:39,6sec
MNQH6,-2,0,0.25,387364971761,387364971767,3,25341.75,25343.25,$9.00,02/03/2026 13:15:06,02/03/2026 13:15:10,4sec
MNQH6,-2,0,0.25,387364971775,387364971781,3,25363.75,25347.50,$(97.50),02/03/2026 13:22:26,02/03/2026 13:23:36,1min 9sec
MNQH6,-2,0,0.25,387364971795,387364971789,3,25318.25,25322.50,$25.50,02/03/2026 13:27:37,02/03/2026 13:25:47,1min 50sec
MNQH6,-2,0,0.25,387364971803,387364971809,2,25325.50,25328.00,$10.00,02/03/2026 14:15:17,02/03/2026 14:15:34,16sec
MNQH6,-2,0,0.25,387364971823,387364971817,2,25316.50,25317.75,$5.00,02/03/2026 14:16:16,02/03/2026 14:16:10,5sec
MNQH6,-2,0,0.25,387364971837,387364971831,2,25312.25,25316.00,$15.00,02/03/2026 14:17:42,02/03/2026 14:17:21,20sec
MNQH6,-2,0,0.25,387364971845,387364971851,2,25321.75,25325.50,$15.00,02/03/2026 14:18:17,02/03/2026 14:18:23,5sec
MNQH6,-2,0,0.25,387364971859,387364971865,2,25334.75,25339.25,$18.00,02/03/2026 14:18:58,02/03/2026 14:19:06,7sec
NQH6,-2,0,0.25,387364971873,387364971879,1,25345.25,25335.25,$(200.00),02/03/2026 14:19:25,02/03/2026 14:19:53,27sec
NQH6,-2,0,0.25,387364971887,387364971893,2,25343.75,25345.25,$60.00,02/03/2026 14:20:24,02/03/2026 14:20:30,6sec
MNQH6,-2,0,0.25,387364971901,387364971907,2,25355.25,25348.50,$(27.00),02/03/2026 14:21:06,02/03/2026 14:21:21,14sec
MNQH6,-2,0,0.25,387364971921,387364971915,1,25348.75,25354.00,$10.50,02/03/2026 14:22:21,02/03/2026 14:22:08,13sec
MNQH6,-2,0,0.25,387364971929,387364971915,1,25349.25,25354.00,$9.50,02/03/2026 14:22:26,02/03/2026 14:22:08,18sec
NQH6,-2,0,0.25,387364971937,387364971943,3,25312.75,25314.25,$90.00,02/03/2026 14:27:53,02/03/2026 14:27:58,5sec
MNQH6,-2,0,0.25,387364971951,387364971957,2,25312.00,25317.50,$22.00,02/03/2026 14:28:32,02/03/2026 14:28:41,9sec
MNQH6,-2,0,0.25,387364971951,387364971965,1,25312.00,25316.25,$8.50,02/03/2026 14:28:32,02/03/2026 14:28:58,26sec
MNQH6,-2,0,0.25,387364971973,387364971979,1,25318.75,25319.50,$1.50,02/03/2026 14:58:35,02/03/2026 14:58:47,12sec
MNQH6,-2,0,0.25,387364971973,387364971987,1,25318.75,25320.75,$4.00,02/03/2026 14:58:35,02/03/2026 14:58:50,14sec
MNQH6,-2,0,0.25,387364971995,387364972001,2,25321.50,25326.50,$20.00,02/03/2026 14:59:04,02/03/2026 14:59:22,17sec
MNQH6,-2,0,0.25,387364972009,387364972015,3,25324.25,25310.00,$(85.50),02/03/2026 15:00:14,02/03/2026 15:01:20,1min 5sec
MNQH6,-2,0,0.25,387364972023,387364972029,3,25286.75,25290.25,$21.00,02/03/2026 15:13:59,02/03/2026 15:14:11,11sec
RTYH6,-2,0,0.1,387364972037,387364972043,1,2638.90,2639.10,$10.00,02/03/2026 15:18:24,02/03/2026 15:19:03,39sec
MNQH6,-2,0,0.25,387364972051,387364972057,3,25334.25,25314.25,$(120.00),02/03/2026 15:19:19,02/03/2026 15:20:03,43sec
MNQH6,-2,0,0.25,387364972065,387364972071,2,25321.50,25326.75,$21.00,02/03/2026 15:23:37,02/03/2026 15:24:31,53sec
MNQH6,-2,0,0.25,387364972065,387364972079,1,25321.50,25321.25,$(0.50),02/03/2026 15:23:37,02/03/2026 15:24:37,59sec
MNQH6,-2,0,0.25,387364972065,387364972087,1,25321.50,25323.25,$3.50,02/03/2026 15:23:37,02/03/2026 15:24:49,1min 11sec
NQH6,-2,0,0.25,387364972095,387364972101,1,25329.75,25332.75,$60.00,02/03/2026 15:25:08,02/03/2026 15:25:32,23sec
NQH6,-2,0,0.25,387364972095,387364972109,1,25329.75,25330.50,$15.00,02/03/2026 15:25:08,02/03/2026 15:25:37,29sec
NQH6,-2,0,0.25,387364972117,387364972123,2,25332.75,25331.75,$(40.00),02/03/2026 15:26:14,02/03/2026 15:27:22,1min 7sec
NQH6,-2,0,0.25,387364972131,387364972137,2,25336.00,25339.00,$120.00,02/03/2026 15:27:40,02/03/2026 15:27:59,18sec
MNQH6,-2,0,0.25,387364972145,387364972151,2,25334.75,25339.00,$17.00,02/03/2026 15:29:29,02/03/2026 15:30:02,32sec
MNQH6,-2,0,0.25,387364972159,387364972165,2,25341.50,25344.75,$13.00,02/03/2026 15:30:18,02/03/2026 15:30:23,4sec
MNQH6,-2,0,0.25,387364972173,387364972179,2,25381.75,25370.00,$(47.00),02/03/2026 15:32:17,02/03/2026 15:32:34,17sec
NQH6,-2,0,0.25,387364972187,387364972193,2,25376.25,25377.75,$60.00,02/03/2026 15:33:05,02/03/2026 15:33:13,7sec
NQH6,-2,0,0.25,387364972201,387364972207,2,25395.50,25395.25,$(10.00),02/03/2026 15:34:25,02/03/2026 15:34:51,26sec
NQH6,-2,0,0.25,387364972215,387364972221,2,25405.50,25407.50,$80.00,02/03/2026 15:38:18,02/03/2026 15:38:22,3sec
MNQH6,-2,0,0.25,387364972229,387364972235,2,25414.75,25419.00,$17.00,02/03/2026 15:38:36,02/03/2026 15:38:56,20sec
MNQH6,-2,0,0.25,387364972249,387364972255,2,25391.00,25386.50,$(18.00),02/03/2026 15:41:40,02/03/2026 15:41:43,3sec
MNQH6,-2,0,0.25,387364972243,387364972255,2,25401.50,25386.50,$(60.00),02/03/2026 15:41:01,02/03/2026 15:41:43,42sec
MNQH6,-2,0,0.25,387364972265,387364972271,1,25381.75,25382.25,$1.00,02/03/2026 15:42:16,02/03/2026 15:42:23,6sec
MNQH6,-2,0,0.25,387364972265,387364972279,1,25381.75,25384.50,$5.50,02/03/2026 15:42:16,02/03/2026 15:42:30,14sec
MNQH6,-2,0,0.25,387364972287,387364972293,1,25389.50,25393.50,$8.00,02/03/2026 15:42:43,02/03/2026 15:42:52,9sec
MNQH6,-2,0,0.25,387364972287,387364972301,1,25389.50,25383.00,$(13.00),02/03/2026 15:42:43,02/03/2026 15:43:06,23sec
MNQH6,-2,0,0.25,387364972309,387364972315,3,25394.00,25397.25,$19.50,02/03/2026 15:44:27,02/03/2026 15:45:48,1min 21sec
MNQH6,-2,0,0.25,387364972323,387364972329,1,25398.25,25406.25,$16.00,02/03/2026 15:46:08,02/03/2026 15:46:17,9sec
MNQH6,-2,0,0.25,387364972323,387364972337,1,25398.25,25410.25,$24.00,02/03/2026 15:46:08,02/03/2026 15:47:08,1min 
NQH6,-2,0,0.25,387364972345,387364972351,2,25406.25,25407.25,$40.00,02/03/2026 15:48:08,02/03/2026 15:48:13,5sec
MNQH6,-2,0,0.25,387364972359,387364972365,2,25423.75,25426.00,$9.00,02/03/2026 15:50:02,02/03/2026 15:50:09,6sec
RTYH6,-2,0,0.1,387364972373,387364972379,1,2650.90,2651.10,$10.00,02/03/2026 15:52:41,02/03/2026 15:52:46,4sec
MNQH6,-2,0,0.25,387364972387,387364972393,2,25421.00,25422.00,$4.00,02/03/2026 15:53:17,02/03/2026 15:54:47,1min 30sec
MNQH6,-2,0,0.25,387364972401,387364972407,1,25429.25,25432.75,$7.00,02/03/2026 15:55:13,02/03/2026 15:55:18,5sec
MNQH6,-2,0,0.25,387364972415,387364972421,1,25436.50,25440.00,$7.00,02/03/2026 15:56:01,02/03/2026 15:57:02,1min 
MNQH6,-2,0,0.25,387364972435,387364972429,1,25438.00,25445.00,$14.00,02/03/2026 16:00:07,02/03/2026 15:59:19,48sec
MNQH6,-2,0,0.25,387364972443,387364972449,1,25416.00,25419.50,$7.00,02/03/2026 16:22:40,02/03/2026 16:23:33,53sec
MNQH6,-2,0,0.25,387364972457,387364972463,1,25427.00,25412.00,$(30.00),02/03/2026 16:24:29,02/03/2026 16:25:49,1min 20sec
MNQH6,-2,0,0.25,387364972471,387364972477,1,25422.75,25424.00,$2.50,02/03/2026 16:27:07,02/03/2026 16:28:02,55sec
NQH6,-2,0,0.25,387364972485,387364972491,2,25426.00,25427.00,$40.00,02/03/2026 16:28:37,02/03/2026 16:28:41,3sec
MNQH6,-2,0,0.25,387364972499,387364972505,1,25413.25,25406.00,$(14.50),02/03/2026 16:33:01,02/03/2026 16:33:35,34sec
MNQH6,-2,0,0.25,387364972524,387364972530,1,25428.25,25429.00,$1.50,02/03/2026 18:15:48,02/03/2026 18:15:58,10sec
MNQH6,-2,0,0.25,387364972544,387364972538,1,25436.50,25426.75,$(19.50),02/03/2026 18:18:55,02/03/2026 18:18:22,33sec
MNQH6,-2,0,0.25,387364972558,387364972552,1,25414.75,25416.00,$2.50,02/03/2026 18:20:48,02/03/2026 18:20:31,17sec
MNQH6,-2,0,0.25,387364972578,387364972566,1,25446.00,25437.75,$(16.50),02/03/2026 20:20:46,02/03/2026 20:14:03,6min 43sec
MNQH6,-2,0,0.25,387364972583,387364972572,1,25446.25,25440.75,$(11.00),02/03/2026 20:20:46,02/03/2026 20:20:04,41sec
MNQH6,-2,0,0.25,387364972597,387364972591,2,25449.50,25445.50,$(16.00),02/03/2026 20:22:25,02/03/2026 20:21:04,1min 20sec
NQH6,-2,0,0.25,387364972611,387364972605,1,25444.00,25445.00,$20.00,02/03/2026 20:23:28,02/03/2026 20:23:17,10sec
NQH6,-2,0,0.25,387364972619,387364972605,1,25443.25,25445.00,$35.00,02/03/2026 20:24:00,02/03/2026 20:23:17,43sec
NQH6,-2,0,0.25,387364972633,387364972627,2,25439.25,25443.25,$160.00,02/03/2026 20:25:37,02/03/2026 20:25:05,31sec
MNQH6,-2,0,0.25,387364972653,387364972641,1,25441.25,25441.00,$(0.50),02/03/2026 20:26:45,02/03/2026 20:25:47,58sec
MNQH6,-2,0,0.25,387364972667,387364972647,1,25441.25,25444.25,$6.00,02/03/2026 20:28:28,02/03/2026 20:26:02,2min 25sec
MNQH6,-2,0,0.25,387364972667,387364972641,1,25441.25,25441.00,$(0.50),02/03/2026 20:28:28,02/03/2026 20:25:47,2min 40sec
MNQH6,-2,0,0.25,387364972683,387364972677,1,25449.25,25443.25,$(12.00),02/03/2026 20:31:55,02/03/2026 20:29:50,2min 4sec
MNQH6,-2,0,0.25,387364972683,387364972661,1,25449.25,25444.75,$(9.00),02/03/2026 20:31:55,02/03/2026 20:27:36,4min 19sec
MNQH6,-2,0,0.25,387364972683,387364972647,1,25449.25,25444.25,$(10.00),02/03/2026 20:31:55,02/03/2026 20:26:02,5min 52sec
MNQH6,-2,0,0.25,387364972701,387364972695,2,25454.25,25449.25,$(20.00),02/03/2026 20:33:08,02/03/2026 20:32:36,32sec
NQH6,-2,0,0.25,387364972715,387364972709,2,25447.50,25450.25,$110.00,02/03/2026 20:36:40,02/03/2026 20:34:24,2min 15sec
MNQH6,-2,0,0.25,387364972735,387364972723,2,25441.25,25446.00,$19.00,02/03/2026 20:37:30,02/03/2026 20:36:52,38sec
MNQH6,-2,0,0.25,387364972755,387364972729,1,25438.00,25446.50,$17.00,02/03/2026 20:37:54,02/03/2026 20:37:15,39sec
MNQH6,-2,0,0.25,387364972779,387364972729,1,25431.75,25446.50,$29.50,02/03/2026 20:41:41,02/03/2026 20:37:15,4min 26sec
MNQH6,-2,0,0.25,387364972793,387364972787,1,25425.50,25429.50,$8.00,02/03/2026 20:42:22,02/03/2026 20:42:10,12sec
MNQH6,-2,0,0.25,387364972807,387364972801,1,25384.00,25387.25,$6.50,02/04/2026 08:31:08,02/04/2026 08:30:55,13sec
MNQH6,-2,0,0.25,387364972821,387364972815,2,25382.75,25385.50,$11.00,02/04/2026 08:35:33,02/04/2026 08:35:19,13sec
MNQH6,-2,0,0.25,387364972835,387364972829,2,25393.75,25377.75,$(64.00),02/04/2026 08:38:51,02/04/2026 08:38:30,20sec
MNQH6,-2,0,0.25,387364972843,387364972849,2,25402.50,25392.00,$(42.00),02/04/2026 08:43:14,02/04/2026 08:44:51,1min 37sec
MNQH6,-2,0,0.25,387364972863,387364972857,2,25369.00,25371.50,$10.00,02/04/2026 08:47:42,02/04/2026 08:46:40,1min 2sec
MNQH6,-2,0,0.25,387364972871,387364972877,3,25254.75,25265.75,$66.00,02/04/2026 10:23:32,02/04/2026 10:23:37,5sec
MNQH6,-2,0,0.25,387364972891,387364972885,2,25206.25,25204.00,$(9.00),02/04/2026 10:32:27,02/04/2026 10:32:03,23sec
MNQH6,-2,0,0.25,387364972905,387364972899,2,25190.25,25196.25,$24.00,02/04/2026 10:33:42,02/04/2026 10:33:15,26sec
MNQH6,-2,0,0.25,387364972919,387364972913,2,25166.00,25173.00,$28.00,02/04/2026 10:34:10,02/04/2026 10:34:05,5sec
MNQH6,-2,0,0.25,387364972933,387364972927,2,25169.75,25171.00,$5.00,02/04/2026 10:34:52,02/04/2026 10:34:35,17sec
MNQH6,-2,0,0.25,387364972947,387364972941,2,25165.00,25169.75,$19.00,02/04/2026 10:35:36,02/04/2026 10:35:11,25sec
MNQH6,-2,0,0.25,387364972961,387364972955,2,25148.50,25158.25,$39.00,02/04/2026 10:36:02,02/04/2026 10:35:58,3sec
MESH6,-2,0,0.25,387364972969,387364972976,3,6927.75,6928.25,$7.50,02/04/2026 11:26:20,02/04/2026 11:26:38,17sec
MESH6,-2,0,0.25,387364972984,387364972990,3,6928.50,6930.00,$22.50,02/04/2026 11:27:20,02/04/2026 11:29:33,2min 13sec
MNQH6,-2,0,0.25,387364973004,387364972998,1,25068.00,25071.50,$7.00,02/04/2026 11:34:13,02/04/2026 11:33:59,13sec
MESH6,-2,0,0.25,387364973018,387364973012,2,6916.25,6917.50,$12.50,02/04/2026 11:35:05,02/04/2026 11:34:32,33sec
MESH6,-2,0,0.25,387364973026,387364973012,1,6919.50,6917.50,$(10.00),02/04/2026 11:35:22,02/04/2026 11:34:32,50sec
MESH6,-2,0,0.25,387364973046,387364973034,2,6915.00,6916.00,$10.00,02/04/2026 11:37:45,02/04/2026 11:36:31,1min 13sec
MESH6,-2,0,0.25,387364973054,387364973040,2,6918.75,6916.50,$(22.50),02/04/2026 11:38:15,02/04/2026 11:36:42,1min 32sec
MESH6,-2,0,0.25,387364973068,387364973062,3,6913.50,6915.25,$26.25,02/04/2026 11:38:39,02/04/2026 11:38:28,11sec
MESH6,-2,0,0.25,387364973096,387364973062,1,6907.50,6915.25,$38.75,02/04/2026 11:41:42,02/04/2026 11:38:28,3min 14sec
NQH6,-2,0,0.25,387364973110,387364973104,2,25000.75,25002.25,$60.00,02/04/2026 11:42:59,02/04/2026 11:42:47,11sec
MNQH6,-2,0,0.25,387364973118,387364973124,1,24971.75,24954.00,$(35.50),02/04/2026 11:48:05,02/04/2026 11:48:46,40sec
NQH6,-2,0,0.25,387364973138,387364973132,2,24935.75,24940.50,$190.00,02/04/2026 11:51:11,02/04/2026 11:51:07,4sec
NQH6,-2,0,0.25,387364973146,387364973152,2,24968.50,24973.50,$200.00,02/04/2026 11:52:16,02/04/2026 11:52:20,3sec
MNQH6,-2,0,0.25,387364973160,387364973166,2,25024.75,25021.75,$(12.00),02/04/2026 11:58:24,02/04/2026 11:58:36,11sec
MNQH6,-2,0,0.25,387364973180,387364973174,2,25024.00,25024.25,$1.00,02/04/2026 12:06:35,02/04/2026 12:06:22,12sec
MNQH6,-2,0,0.25,387364973203,387364973197,2,24815.00,24816.00,$4.00,02/05/2026 09:05:12,02/05/2026 09:05:00,11sec
MNQH6,-2,0,0.25,387364973217,387364973211,2,24804.00,24807.75,$15.00,02/05/2026 09:06:14,02/05/2026 09:06:09,4sec
MNQH6,-2,0,0.25,387364973231,387364973225,2,24679.25,24686.00,$27.00,02/05/2026 09:32:01,02/05/2026 09:31:52,9sec
MNQH6,-2,0,0.25,387364973245,387364973239,3,24578.75,24558.50,$(121.50),02/05/2026 10:33:13,02/05/2026 10:32:15,57sec
MNQH6,-2,0,0.25,387364973259,387364973253,5,24577.50,24554.75,$(227.50),02/05/2026 10:34:11,02/05/2026 10:33:47,24sec
MNQH6,-2,0,0.25,387364973273,387364973267,4,24558.75,24563.25,$36.00,02/05/2026 10:34:31,02/05/2026 10:34:19,11sec
MNQH6,-2,0,0.25,387364973281,387364973267,1,24569.50,24563.25,$(12.50),02/05/2026 10:34:41,02/05/2026 10:34:19,21sec
MNQH6,-2,0,0.25,387364973289,387364973295,5,24627.75,24634.75,$70.00,02/05/2026 10:38:09,02/05/2026 10:38:51,41sec
MNQH6,-2,0,0.25,387364973303,387364973309,5,24660.25,24666.25,$60.00,02/05/2026 10:39:26,02/05/2026 10:39:30,4sec
MNQH6,-2,0,0.25,387364973317,387364973323,5,24681.25,24690.50,$92.50,02/05/2026 10:42:06,02/05/2026 10:42:10,4sec
MNQH6,-2,0,0.25,387364973331,387364973337,5,24686.50,24690.00,$35.00,02/05/2026 10:42:32,02/05/2026 10:42:36,3sec
MNQH6,-2,0,0.25,387364973351,387364973345,5,24627.00,24636.00,$90.00,02/05/2026 10:45:55,02/05/2026 10:45:49,5sec
MNQH6,-2,0,0.25,387364973359,387364973365,5,24626.25,24636.25,$100.00,02/05/2026 10:51:46,02/05/2026 10:51:50,4sec
MNQH6,-2,0,0.25,387364973379,387364973373,5,24620.75,24595.50,$(252.50),02/05/2026 10:53:08,02/05/2026 10:52:12,55sec
MNQH6,-2,0,0.25,387364973393,387364973387,5,24635.75,24610.00,$(257.50),02/05/2026 10:54:05,02/05/2026 10:53:44,21sec
NQH6,-2,0,0.25,387364973407,387364973401,2,24581.75,24593.25,$460.00,02/05/2026 10:57:14,02/05/2026 10:57:10,3sec
MNQH6,-2,0,0.25,387364973421,387364973415,3,24622.75,24628.50,$34.50,02/05/2026 11:00:19,02/05/2026 11:00:14,5sec
MNQH6,-2,0,0.25,387364973435,387364973429,3,24609.00,24618.00,$54.00,02/05/2026 11:03:20,02/05/2026 11:03:15,4sec
MNQH6,-2,0,0.25,387364973449,387364973443,3,24567.50,24569.50,$12.00,02/05/2026 11:08:33,02/05/2026 11:07:58,35sec
MNQH6,-2,0,0.25,387364973463,387364973457,3,24605.50,24559.25,$(277.50),02/05/2026 11:10:21,02/05/2026 11:10:03,18sec
NQH6,-2,0,0.25,387364973477,387364973471,2,24581.50,24586.00,$180.00,02/05/2026 11:10:56,02/05/2026 11:10:42,14sec
MNQH6,-2,0,0.25,387364973491,387364973485,2,24573.75,24574.25,$2.00,02/05/2026 11:11:34,02/05/2026 11:11:22,12sec
MNQH6,-2,0,0.25,387364973499,387364973485,1,24592.00,24574.25,$(35.50),02/05/2026 11:15:23,02/05/2026 11:11:22,4min 
MNQH6,-2,0,0.25,387364973507,387364973513,3,24627.25,24630.75,$21.00,02/05/2026 11:15:51,02/05/2026 11:15:58,6sec
MNQH6,-2,0,0.25,387364973521,387364973527,3,24640.50,24650.25,$58.50,02/05/2026 11:16:52,02/05/2026 11:16:56,4sec
MNQH6,-2,0,0.25,387364973535,387364973541,3,24681.00,24684.50,$21.00,02/05/2026 11:19:06,02/05/2026 11:19:21,15sec
MNQH6,-2,0,0.25,387364973549,387364973555,3,24700.75,24677.50,$(139.50),02/05/2026 11:20:10,02/05/2026 11:20:46,35sec
MNQH6,-2,0,0.25,387364973563,387364973569,5,24690.75,24694.75,$40.00,02/05/2026 11:21:07,02/05/2026 11:21:56,49sec
MNQH6,-2,0,0.25,387364973577,387364973583,5,24711.25,24717.25,$60.00,02/05/2026 11:22:05,02/05/2026 11:22:17,12sec
MNQH6,-2,0,0.25,387364973591,387364973597,5,24734.25,24737.00,$27.50,02/05/2026 11:23:03,02/05/2026 11:23:11,7sec
MNQH6,-2,0,0.25,387364973605,387364973611,3,24741.75,24715.50,$(157.50),02/05/2026 11:25:09,02/05/2026 11:25:47,38sec
MNQH6,-2,0,0.25,387364973619,387364973625,4,24726.00,24728.25,$18.00,02/05/2026 11:26:08,02/05/2026 11:27:03,54sec
MNQH6,-2,0,0.25,387364973619,387364973633,1,24726.00,24730.50,$9.00,02/05/2026 11:26:08,02/05/2026 11:27:16,1min 8sec
NQH6,-2,0,0.25,387364973641,387364973647,2,24740.75,24744.50,$150.00,02/05/2026 11:27:29,02/05/2026 11:27:42,12sec
MNQH6,-2,0,0.25,387364973655,387364973661,1,24749.75,24762.50,$25.50,02/05/2026 11:27:54,02/05/2026 11:28:09,14sec
MNQH6,-2,0,0.25,387364973669,387364973675,1,24771.25,24776.00,$9.50,02/05/2026 11:28:22,02/05/2026 11:29:01,39sec
MNQH6,-2,0,0.25,387364973683,387364973689,1,24795.75,24796.25,$1.00,02/05/2026 11:30:04,02/05/2026 11:30:23,18sec
MNQH6,-2,0,0.25,387364973703,387364973697,1,24798.25,24777.00,$(42.50),02/05/2026 11:32:24,02/05/2026 11:32:05,19sec
MNQH6,-2,0,0.25,387364973717,387364973711,2,24791.00,24775.75,$(61.00),02/05/2026 11:33:18,02/05/2026 11:32:57,21sec
MNQH6,-2,0,0.25,387364973725,387364973731,2,24821.50,24800.25,$(85.00),02/05/2026 11:34:07,02/05/2026 11:34:41,34sec
NQH6,-2,0,0.25,387364973739,387364973745,2,24815.25,24817.25,$80.00,02/05/2026 11:38:21,02/05/2026 11:38:49,28sec
NQH6,-2,0,0.25,387364973759,387364973753,2,24773.75,24773.75,$0.00,02/05/2026 11:41:23,02/05/2026 11:41:06,17sec
MNQH6,-2,0,0.25,387364973767,387364973773,5,24801.75,24800.50,$(12.50),02/05/2026 11:42:19,02/05/2026 11:42:30,11sec
MNQH6,-2,0,0.25,387364973787,387364973781,5,24741.00,24742.75,$17.50,02/05/2026 11:46:26,02/05/2026 11:46:18,8sec
MNQH6,-2,0,0.25,387364973795,387364973801,2,24741.75,24746.50,$19.00,02/05/2026 11:48:13,02/05/2026 11:48:20,6sec
MNQH6,-2,0,0.25,387364973809,387364973815,2,24802.00,24805.25,$13.00,02/05/2026 11:50:09,02/05/2026 11:50:14,5sec
MNQH6,-2,0,0.25,387364973823,387364973829,2,24826.75,24829.00,$9.00,02/05/2026 11:51:30,02/05/2026 11:52:50,1min 19sec
MNQH6,-2,0,0.25,387364973837,387364973843,2,24834.00,24834.25,$1.00,02/05/2026 11:54:25,02/05/2026 11:54:40,14sec
MNQH6,-2,0,0.25,387364973857,387364973851,2,24816.25,24827.25,$44.00,02/05/2026 11:56:17,02/05/2026 11:56:13,4sec
MNQH6,-2,0,0.25,387364973871,387364973865,2,24810.25,24817.75,$30.00,02/05/2026 11:57:50,02/05/2026 11:57:42,7sec
MNQH6,-2,0,0.25,387364973885,387364973879,2,24784.25,24789.00,$19.00,02/05/2026 12:03:10,02/05/2026 12:01:15,1min 54sec
MNQH6,-2,0,0.25,387364973899,387364973893,2,24761.00,24768.25,$29.00,02/05/2026 12:04:01,02/05/2026 12:03:56,4sec
M2KH6,-2,0,0.1,387364973914,387364973907,2,2611.40,2611.90,$5.00,02/05/2026 12:10:41,02/05/2026 12:10:01,39sec
M2KH6,-2,0,0.1,387364973922,387364973907,1,2610.50,2611.90,$7.00,02/05/2026 12:10:49,02/05/2026 12:10:01,47sec
MNQH6,-2,0,0.25,387364973930,387364973936,2,24764.50,24761.75,$(11.00),02/05/2026 12:13:20,02/05/2026 12:13:42,22sec
MNQH6,-2,0,0.25,387364973944,387364973950,2,24767.75,24768.75,$4.00,02/05/2026 12:14:22,02/05/2026 12:14:35,12sec
MNQH6,-2,0,0.25,387364973958,387364973964,2,24779.25,24755.25,$(96.00),02/05/2026 12:14:57,02/05/2026 12:15:36,38sec
MNQH6,-2,0,0.25,387364973972,387364973978,2,24767.50,24778.25,$43.00,02/05/2026 12:16:04,02/05/2026 12:16:22,18sec
MNQH6,-2,0,0.25,387364973986,387364973992,2,24774.25,24747.75,$(106.00),02/05/2026 12:18:55,02/05/2026 12:20:04,1min 8sec
MNQH6,-2,0,0.25,387364974000,387364974006,4,24757.75,24742.50,$(122.00),02/05/2026 12:20:12,02/05/2026 12:20:32,20sec
NQH6,-2,0,0.25,387364974014,387364974020,2,24734.50,24742.50,$320.00,02/05/2026 12:21:54,02/05/2026 12:22:02,7sec
MNQH6,-2,0,0.25,387364974028,387364974034,2,24779.75,24782.25,$10.00,02/05/2026 12:23:33,02/05/2026 12:23:40,6sec
MNQH6,-2,0,0.25,387364974042,387364974048,2,24792.75,24792.25,$(2.00),02/05/2026 12:23:50,02/05/2026 12:23:59,9sec
MNQH6,-2,0,0.25,387364974056,387364974062,2,24805.50,24806.50,$4.00,02/05/2026 12:24:19,02/05/2026 12:24:24,4sec
MNQH6,-2,0,0.25,387364974076,387364974070,2,24856.25,24844.00,$(49.00),02/05/2026 12:27:28,02/05/2026 12:27:05,23sec
MNQH6,-2,0,0.25,387364974090,387364974084,2,24859.75,24848.25,$(46.00),02/05/2026 12:28:03,02/05/2026 12:27:57,6sec
MNQH6,-2,0,0.25,387364974104,387364974098,2,24863.50,24843.50,$(80.00),02/05/2026 12:28:36,02/05/2026 12:28:17,18sec
MNQH6,-2,0,0.25,387364974118,387364974112,2,24834.25,24845.50,$45.00,02/05/2026 12:29:23,02/05/2026 12:29:13,9sec
MNQH6,-2,0,0.25,387364974126,387364974112,1,24842.50,24845.50,$6.00,02/05/2026 12:29:43,02/05/2026 12:29:13,29sec
NQH6,-2,0,0.25,387364974140,387364974134,2,24818.25,24815.50,$(110.00),02/05/2026 12:32:02,02/05/2026 12:31:58,3sec
NQH6,-2,0,0.25,387364974154,387364974148,2,24821.75,24822.75,$40.00,02/05/2026 12:33:19,02/05/2026 12:33:16,3sec
NQH6,-2,0,0.25,387364974168,387364974162,2,24821.25,24798.50,$(910.00),02/05/2026 12:36:04,02/05/2026 12:35:34,29sec
NQH6,-2,0,0.25,387364974182,387364974176,2,24863.00,24867.75,$190.00,02/05/2026 12:41:11,02/05/2026 12:41:06,5sec
NQH6,-2,0,0.25,387364974196,387364974190,1,24833.25,24847.50,$285.00,02/05/2026 12:43:04,02/05/2026 12:41:29,1min 35sec
NQH6,-2,0,0.25,387364974204,387364974190,1,24837.75,24847.50,$195.00,02/05/2026 12:44:25,02/05/2026 12:41:29,2min 55sec
NQH6,-2,0,0.25,387364974218,387364974212,1,24844.75,24848.50,$75.00,02/05/2026 12:48:24,02/05/2026 12:48:20,4sec
NQH6,-2,0,0.25,387364974226,387364974232,2,24794.75,24801.50,$270.00,02/05/2026 13:00:11,02/05/2026 13:00:16,5sec
MNQH6,-2,0,0.25,387364974240,387364974246,1,24827.25,24830.25,$6.00,02/05/2026 13:02:16,02/05/2026 13:02:51,35sec
MNQH6,-2,0,0.25,387364974254,387364974260,1,24817.75,24803.00,$(29.50),02/05/2026 13:04:18,02/05/2026 13:04:47,29sec
MNQH6,-2,0,0.25,387364974268,387364974274,2,24787.25,24773.25,$(56.00),02/05/2026 13:06:20,02/05/2026 13:06:40,19sec
MNQH6,-2,0,0.25,387364974282,387364974288,3,24792.50,24774.25,$(109.50),02/05/2026 13:07:16,02/05/2026 13:07:34,17sec
MNQH6,-2,0,0.25,387364974296,387364974302,2,24761.00,24770.00,$36.00,02/05/2026 13:11:18,02/05/2026 13:11:27,9sec
NQH6,-2,0,0.25,387364974310,387364974316,2,24779.75,24782.00,$90.00,02/05/2026 13:14:25,02/05/2026 13:16:17,1min 52sec
MNQH6,-2,0,0.25,387364974330,387364974324,2,24770.75,24755.25,$(62.00),02/05/2026 13:17:24,02/05/2026 13:17:00,24sec
MNQH6,-2,0,0.25,387364974338,387364974344,2,24769.50,24751.00,$(74.00),02/05/2026 13:19:23,02/05/2026 13:20:38,1min 14sec
NQH6,-2,0,0.25,387364974352,387364974358,2,24730.75,24732.50,$70.00,02/05/2026 13:24:19,02/05/2026 13:24:46,27sec
NQH6,-2,0,0.25,387364974366,387364974372,3,24740.50,24744.50,$240.00,02/05/2026 13:26:39,02/05/2026 13:26:47,7sec
MNQH6,-2,0,0.25,387364974380,387364974386,2,24750.75,24733.00,$(71.00),02/05/2026 13:27:15,02/05/2026 13:27:52,36sec
MNQH6,-2,0,0.25,387364974394,387364974400,4,24744.25,24727.00,$(138.00),02/05/2026 13:28:09,02/05/2026 13:28:36,26sec
MNQH6,-2,0,0.25,387364974408,387364974414,4,24745.75,24749.00,$26.00,02/05/2026 13:30:25,02/05/2026 13:30:31,5sec
MNQH6,-2,0,0.25,387364974422,387364974428,3,24763.25,24768.75,$33.00,02/05/2026 13:31:13,02/05/2026 13:31:19,5sec
MNQH6,-2,0,0.25,387364974436,387364974442,3,24760.00,24746.75,$(79.50),02/05/2026 13:32:34,02/05/2026 13:32:50,15sec
MNQH6,-2,0,0.25,387364974450,387364974456,4,24753.75,24741.00,$(102.00),02/05/2026 13:33:16,02/05/2026 13:33:38,21sec
NQH6,-2,0,0.25,387364974470,387364974464,2,24700.75,24703.25,$100.00,02/05/2026 13:41:07,02/05/2026 13:40:09,57sec
NQH6,-2,0,0.25,387364974484,387364974478,2,24709.25,24714.00,$190.00,02/05/2026 13:43:20,02/05/2026 13:43:14,5sec
MNQH6,-2,0,0.25,387364974498,387364974492,2,24712.75,24715.25,$10.00,02/05/2026 13:45:47,02/05/2026 13:45:35,12sec
MNQH6,-2,0,0.25,387364974506,387364974492,1,24697.00,24715.25,$36.50,02/05/2026 13:46:44,02/05/2026 13:45:35,1min 8sec
MNQH6,-2,0,0.25,387364974570,387364974564,2,24692.25,24676.00,$(65.00),02/05/2026 13:57:26,02/05/2026 13:56:51,34sec
MNQH6,-2,0,0.25,387364974584,387364974578,1,24686.25,24688.00,$3.50,02/05/2026 13:58:48,02/05/2026 13:57:58,50sec
MNQH6,-2,0,0.25,387364974592,387364974578,1,24696.75,24688.00,$(17.50),02/05/2026 13:59:05,02/05/2026 13:57:58,1min 7sec
MNQH6,-2,0,0.25,387364974606,387364974600,2,24700.00,24703.50,$14.00,02/05/2026 14:01:14,02/05/2026 14:01:06,8sec
MNQH6,-2,0,0.25,387364974620,387364974614,1,24689.25,24690.50,$2.50,02/05/2026 14:01:48,02/05/2026 14:01:33,15sec
MNQH6,-2,0,0.25,387364974628,387364974614,1,24700.75,24690.50,$(20.50),02/05/2026 14:02:10,02/05/2026 14:01:33,37sec
MNQH6,-2,0,0.25,387364974642,387364974636,1,24823.00,24826.00,$6.00,02/05/2026 14:20:15,02/05/2026 14:19:57,17sec
MNQH6,-2,0,0.25,387364974669,387364974651,1,24823.00,24832.75,$19.50,02/05/2026 14:21:54,02/05/2026 14:21:39,14sec
MNQH6,-2,0,0.25,387364974677,387364974651,1,24818.00,24832.75,$29.50,02/05/2026 14:22:03,02/05/2026 14:21:39,23sec
MNQH6,-2,0,0.25,387364974694,387364974688,2,24820.75,24826.00,$21.00,02/05/2026 14:24:14,02/05/2026 14:23:49,25sec
MNQH6,-2,0,0.25,387364974708,387364974702,1,24762.25,24762.50,$0.50,02/05/2026 14:29:45,02/05/2026 14:29:30,14sec
MNQH6,-2,0,0.25,387364974716,387364974702,1,24744.00,24762.50,$37.00,02/05/2026 14:30:08,02/05/2026 14:29:30,37sec
RTYH6,-2,0,0.1,387364974731,387364974724,2,2599.20,2599.70,$50.00,02/05/2026 14:32:25,02/05/2026 14:32:14,10sec
MNQH6,-2,0,0.25,387364974739,387364974745,1,24725.50,24733.00,$15.00,02/05/2026 14:35:56,02/05/2026 14:36:06,10sec
MNQH6,-2,0,0.25,387364974753,387364974759,1,24728.50,24718.50,$(20.00),02/05/2026 14:38:56,02/05/2026 14:39:42,45sec
MNQH6,-2,0,0.25,387364974773,387364974767,1,24691.75,24701.75,$20.00,02/05/2026 14:41:06,02/05/2026 14:40:58,7sec
MNQH6,-2,0,0.25,387364974798,387364974792,1,24525.75,24533.50,$15.50,02/05/2026 22:01:02,02/05/2026 21:58:11,2min 50sec
MNQH6,-2,0,0.25,387364974812,387364974806,1,24796.75,24800.00,$6.50,02/06/2026 07:44:55,02/06/2026 07:44:03,51sec
MNQH6,-2,0,0.25,387364974826,387364974820,2,24767.25,24771.00,$15.00,02/06/2026 07:54:00,02/06/2026 07:53:52,7sec
MNQH6,-2,0,0.25,387364974826,387364974834,10,24767.25,24770.25,$60.00,02/06/2026 07:54:00,02/06/2026 07:54:03,3sec
MNQH6,-2,0,0.25,387364974848,387364974842,1,24761.75,24769.00,$14.50,02/06/2026 07:54:50,02/06/2026 07:54:29,21sec
MNQH6,-2,0,0.25,387364974862,387364974856,1,24784.25,24770.75,$(27.00),02/06/2026 07:56:09,02/06/2026 07:55:37,31sec
MNQH6,-2,0,0.25,387364974862,387364974842,1,24784.25,24769.00,$(30.50),02/06/2026 07:56:09,02/06/2026 07:54:29,1min 40sec
MNQH6,-2,0,0.25,387364974878,387364974872,1,24784.50,24778.50,$(12.00),02/06/2026 07:57:15,02/06/2026 07:57:01,14sec
MNQH6,-2,0,0.25,387364974892,387364974886,1,24791.75,24781.75,$(20.00),02/06/2026 07:58:49,02/06/2026 07:58:15,34sec
MNQH6,-2,0,0.25,387364974931,387364974900,1,24773.25,24790.50,$34.50,02/06/2026 08:04:26,02/06/2026 07:59:13,5min 12sec
MNQH6,-2,0,0.25,387364974948,387364974906,1,24774.75,24777.50,$5.50,02/06/2026 08:06:57,02/06/2026 08:01:31,5min 26sec
MNQH6,-2,0,0.25,387364974962,387364974956,1,24765.75,24767.50,$3.50,02/06/2026 08:07:37,02/06/2026 08:07:15,21sec
MNQH6,-2,0,0.25,387364974970,387364974956,1,24774.75,24767.50,$(14.50),02/06/2026 08:08:08,02/06/2026 08:07:15,53sec
MNQH6,-2,0,0.25,387364974984,387364974978,2,24761.25,24763.25,$8.00,02/06/2026 08:10:51,02/06/2026 08:10:40,11sec
MNQH6,-2,0,0.25,387364974992,387364974978,1,24772.25,24763.25,$(18.00),02/06/2026 08:11:46,02/06/2026 08:10:40,1min 6sec
NQH6,-2,0,0.25,387364975000,387364975006,1,24806.75,24809.50,$55.00,02/06/2026 08:19:11,02/06/2026 08:19:26,14sec
MNQH6,-2,0,0.25,387364975014,387364975020,1,24828.00,24830.00,$4.00,02/06/2026 08:20:34,02/06/2026 08:21:52,1min 18sec
MNQH6,-2,0,0.25,387364975030,387364975036,1,24842.00,24842.75,$1.50,02/06/2026 08:24:35,02/06/2026 08:24:47,11sec
MNQH6,-2,0,0.25,387364975050,387364975044,1,24822.25,24825.00,$5.50,02/06/2026 08:26:31,02/06/2026 08:26:14,16sec
MNQH6,-2,0,0.25,387364975064,387364975058,1,24833.00,24817.75,$(30.50),02/06/2026 08:30:25,02/06/2026 08:30:14,11sec
MNQH6,-2,0,0.25,387364975072,387364975078,1,24852.50,24838.75,$(27.50),02/06/2026 08:30:43,02/06/2026 08:31:23,40sec
NQH6,-2,0,0.25,387364975092,387364975086,1,24839.75,24823.00,$(335.00),02/06/2026 08:33:27,02/06/2026 08:32:44,42sec
NQH6,-2,0,0.25,387364975106,387364975100,2,24792.50,24809.75,$690.00,02/06/2026 08:37:47,02/06/2026 08:36:48,58sec
MNQH6,-2,0,0.25,387364975126,387364975120,2,24822.25,24814.00,$(33.00),02/06/2026 08:38:49,02/06/2026 08:38:23,25sec
MNQH6,-2,0,0.25,387364975126,387364975114,2,24822.25,24806.25,$(64.00),02/06/2026 08:38:49,02/06/2026 08:37:59,49sec
MNQH6,-2,0,0.25,387364975142,387364975136,2,24825.25,24807.75,$(70.00),02/06/2026 08:39:34,02/06/2026 08:39:13,20sec
MNQH6,-2,0,0.25,387364975156,387364975150,2,24829.00,24815.25,$(55.00),02/06/2026 08:40:36,02/06/2026 08:40:03,32sec
MNQH6,-2,0,0.25,387364975170,387364975164,2,24810.50,24815.50,$20.00,02/06/2026 08:43:58,02/06/2026 08:42:00,1min 57sec
MNQH6,-2,0,0.25,387364975184,387364975178,1,24817.75,24806.25,$(23.00),02/06/2026 08:47:14,02/06/2026 08:44:36,2min 38sec
MNQH6,-2,0,0.25,387364975198,387364975192,2,24815.25,24805.50,$(39.00),02/06/2026 08:48:39,02/06/2026 08:47:53,46sec
MNQH6,-2,0,0.25,387364975212,387364975206,1,24793.25,24798.75,$11.00,02/06/2026 08:51:00,02/06/2026 08:50:48,11sec
MNQH6,-2,0,0.25,387364975220,387364975226,1,24810.00,24810.75,$1.50,02/06/2026 09:08:29,02/06/2026 09:08:52,22sec
MNQH6,-2,0,0.25,387364975234,387364975240,1,24803.00,24793.75,$(18.50),02/06/2026 09:11:12,02/06/2026 09:13:34,2min 21sec
MNQH6,-2,0,0.25,387364975248,387364975254,1,24791.25,24790.00,$(2.50),02/06/2026 09:23:02,02/06/2026 09:23:08,6sec
MNQH6,-2,0,0.25,387364975248,387364975262,1,24791.25,24796.25,$10.00,02/06/2026 09:23:02,02/06/2026 09:23:45,43sec
MNQH6,-2,0,0.25,387364975270,387364975276,2,24777.25,24783.00,$23.00,02/06/2026 09:32:45,02/06/2026 09:32:49,4sec
MNQH6,-2,0,0.25,387364975284,387364975290,2,24859.75,24870.25,$42.00,02/06/2026 09:35:11,02/06/2026 09:35:34,22sec
MNQH6,-2,0,0.25,387364975298,387364975304,2,24881.75,24903.00,$85.00,02/06/2026 09:38:01,02/06/2026 09:38:04,3sec
MNQH6,-2,0,0.25,387364975312,387364975318,2,24934.75,24940.00,$21.00,02/06/2026 09:45:01,02/06/2026 09:45:14,12sec
MNQH6,-2,0,0.25,387364975326,387364975332,2,24955.25,24958.25,$12.00,02/06/2026 09:51:15,02/06/2026 09:51:22,6sec
MNQH6,-2,0,0.25,387364975346,387364975340,2,24918.50,24920.25,$7.00,02/06/2026 09:54:33,02/06/2026 09:54:28,4sec
MNQH6,-2,0,0.25,387364975360,387364975354,2,24873.50,24873.50,$0.00,02/06/2026 09:55:33,02/06/2026 09:55:29,3sec
MNQH6,-2,0,0.25,387364975368,387364975374,1,24819.00,24829.00,$20.00,02/06/2026 10:02:27,02/06/2026 10:02:39,11sec
MNQH6,-2,0,0.25,387364975368,387364975382,1,24819.00,24799.00,$(40.00),02/06/2026 10:02:27,02/06/2026 10:03:29,1min 2sec
MNQH6,-2,0,0.25,387364975390,387364975396,2,24821.00,24830.00,$36.00,02/06/2026 10:05:06,02/06/2026 10:05:12,5sec
MNQH6,-2,0,0.25,387364975404,387364975410,1,24830.00,24798.50,$(63.00),02/06/2026 10:05:28,02/06/2026 10:05:47,18sec
MNQH6,-2,0,0.25,387364975424,387364975418,2,24780.25,24783.50,$13.00,02/06/2026 10:06:44,02/06/2026 10:06:34,9sec
MNQH6,-2,0,0.25,387364975438,387364975432,2,24788.00,24766.50,$(86.00),02/06/2026 10:07:55,02/06/2026 10:07:39,15sec
MNQH6,-2,0,0.25,387364975452,387364975446,2,24792.25,24777.00,$(61.00),02/06/2026 10:08:51,02/06/2026 10:08:18,32sec
NQH6,-2,0,0.25,387364975466,387364975460,2,24780.00,24784.25,$170.00,02/06/2026 10:14:00,02/06/2026 10:13:57,2sec
MNQH6,-2,0,0.25,387364975480,387364975474,2,24784.50,24752.00,$(130.00),02/06/2026 10:16:33,02/06/2026 10:16:18,14sec
MNQH6,-2,0,0.25,387364975494,387364975488,2,24815.00,24829.25,$57.00,02/06/2026 10:23:46,02/06/2026 10:23:42,3sec
MNQH6,-2,0,0.25,387364975502,387364975508,2,24935.00,24939.75,$19.00,02/06/2026 10:42:56,02/06/2026 10:43:05,9sec
MNQH6,-2,0,0.25,387364975522,387364975516,2,24899.00,24909.25,$41.00,02/06/2026 10:50:04,02/06/2026 10:49:33,30sec
NQH6,-2,0,0.25,387364975536,387364975530,2,24869.25,24870.00,$30.00,02/06/2026 10:50:39,02/06/2026 10:50:24,15sec
MNQH6,-2,0,0.25,387364975550,387364975544,2,24849.75,24854.50,$19.00,02/06/2026 10:53:01,02/06/2026 10:52:55,6sec
MNQH6,-2,0,0.25,387364975564,387364975558,2,24842.75,24822.75,$(80.00),02/06/2026 10:55:38,02/06/2026 10:55:16,21sec
MNQH6,-2,0,0.25,387364975572,387364975578,2,24931.25,24940.25,$36.00,02/06/2026 11:02:43,02/06/2026 11:03:02,19sec
MNQH6,-2,0,0.25,387364975586,387364975592,2,24967.00,24974.50,$30.00,02/06/2026 11:06:56,02/06/2026 11:06:59,3sec
MNQH6,-2,0,0.25,387364975606,387364975600,2,24966.50,24971.75,$21.00,02/06/2026 11:08:44,02/06/2026 11:08:39,5sec
MNQH6,-2,0,0.25,387364975632,387364975615,2,24989.75,24993.25,$14.00,02/06/2026 11:12:52,02/06/2026 11:12:37,15sec
MNQH6,-2,0,0.25,387364975646,387364975640,2,24992.00,24995.50,$14.00,02/06/2026 11:27:12,02/06/2026 11:25:44,1min 27sec
MNQH6,-2,0,0.25,387364975660,387364975654,1,25080.50,25090.75,$20.50,02/06/2026 12:35:13,02/06/2026 12:33:04,2min 9sec
MNQH6,-2,0,0.25,387364975674,387364975668,1,25052.00,25053.25,$2.50,02/06/2026 12:36:54,02/06/2026 12:36:47,6sec
MNQH6,-2,0,0.25,387364975688,387364975682,1,25068.00,25057.00,$(22.00),02/06/2026 12:43:38,02/06/2026 12:43:11,26sec
MNQH6,-2,0,0.25,387364975696,387364975702,1,25079.25,25083.25,$8.00,02/06/2026 12:45:26,02/06/2026 12:46:24,57sec
MNQH6,-2,0,0.25,387364975710,387364975716,1,25085.75,25095.25,$19.00,02/06/2026 12:51:34,02/06/2026 12:51:54,19sec
MNQH6,-2,0,0.25,387364975730,387364975724,1,25083.25,25088.25,$10.00,02/06/2026 13:16:07,02/06/2026 13:15:57,9sec
MNQH6,-2,0,0.25,387364975744,387364975738,1,25077.00,25086.25,$18.50,02/06/2026 13:28:20,02/06/2026 13:26:06,2min 13sec
MNQH6,-2,0,0.25,387364975758,387364975752,1,25091.75,25083.50,$(16.50),02/06/2026 13:35:18,02/06/2026 13:34:54,24sec
MNQH6,-2,0,0.25,387364975772,387364975766,1,25098.50,25086.75,$(23.50),02/06/2026 13:38:33,02/06/2026 13:37:23,1min 10sec
MNQH6,-2,0,0.25,387364975786,387364975780,1,25101.00,25095.00,$(12.00),02/06/2026 13:43:03,02/06/2026 13:41:27,1min 35sec
MNQH6,-2,0,0.25,387364975800,387364975794,1,25104.00,25096.75,$(14.50),02/06/2026 13:52:43,02/06/2026 13:52:10,33sec
MNQH6,-2,0,0.25,387364975814,387364975808,1,25085.50,25092.25,$13.50,02/06/2026 13:59:55,02/06/2026 13:57:23,2min 31sec
